meal_type,calories,protein,carbs,fat,Ingredients,Diet
Oatmeal with Banana,Breakfast,250,8,40,6,Oats;Milk;Banana,Vegetarian
Avocado Toast,Breakfast,200,5,30,7,Bread;Avocado,Vegetarian
Greek Yogurt with Berries,Snack,150,10,20,2,Yogurt;Berries,Vegetarian
Protein Smoothie,Snack,180,15,25,2,Protein Powder;Banana;Milk,Vegetarian
Grilled Chicken Salad,Lunch,400,35,20,15,Chicken;Lettuce;Olive Oil,Non-Veg
Quinoa Salad,Lunch,320,12,50,8,Quinoa;Tomato;Cucumber,Vegan
Veggie Stir Fry,Dinner,350,12,45,10,Broccoli;Carrot;Bell Pepper,Vegan
Salmon with Veggies,Dinner,450,38,20,20,Salmon;Asparagus;Lemon,Non-Veg
